<?xml version="1.0" encoding="UTF-8"?>

<Bundle xmlns="http://hl7.org/fhir">
  <id value="df57a88e-bf06-4402-9713-46cd9c66125c"/>
  <meta>
    <lastUpdated value="2025-07-15T11:17:08.049+00:00"/>
  </meta>
  <type value="collection"/>
  <entry>
    <fullUrl value="https://fhir.ee/eec/ValueSet/ee-body-position-vs"/>
    <resource>
      <ValueSet>
        <text>
          <status value="generated"/>
          <div xmlns="http://www.w3.org/1999/xhtml">
            <p class="res-header-id"/>
            <p style="border: black 1px dotted; background-color: #EEEEEE; padding: 8px; margin-bottom: 8px">Expansion from term.tehik.ee based on SNOMED CT 11000181102 edition 30-May 2025</p>
            <p>This value set contains 3 concepts</p>
            <table class="codes">
              <tr>
                <td style="white-space:nowrap">
                  <b>Code</b>
                </td>
                <td>
                  <b>System</b>
                </td>
                <td>
                  <b>Display (en-US)</b>
                </td>
              </tr>
              <tr>
                <td style="white-space:nowrap">
                  <a name="x-http://snomed.info/sct-33586001"> </a>  
                  <a href="http://snomed.info/id/33586001">33586001</a>
                </td>
                <td>http://snomed.info/sct</td>
                <td>Sitting position</td>
              </tr>
              <tr>
                <td style="white-space:nowrap">
                  <a name="x-http://snomed.info/sct-10904000"> </a>  
                  <a href="http://snomed.info/id/10904000">10904000</a>
                </td>
                <td>http://snomed.info/sct</td>
                <td>Orthostatic body position</td>
              </tr>
              <tr>
                <td style="white-space:nowrap">
                  <a name="x-http://snomed.info/sct-110483000"> </a>  
                  <a href="http://snomed.info/id/110483000">110483000</a>
                </td>
                <td>http://snomed.info/sct</td>
                <td>Tobacco user</td>
              </tr>
            </table>
          </div>
        </text>
        <url value="https://fhir.ee/eec/ValueSet/ee-body-position-vs"/>
        <version value="0.1.0"/>
        <name value="EEBodyPositionVS"/>
        <title value="Body Position ValueSet"/>
        <status value="active"/>
        <date value="2025-07-15T11:16:32+00:00"/>
        <jurisdiction>
          <coding>
            <system value="urn:iso:std:iso:3166"/>
            <code value="EE"/>
            <display value="Estonia"/>
          </coding>
        </jurisdiction>
        <expansion>
          <identifier value="urn:uuid:a7866ad5-8303-4d0b-bb36-86f09847c9bb"/>
          <timestamp value="2025-07-15T11:17:39+00:00"/>
          <total value="3"/>
          <offset value="0"/>
          <parameter>
            <name value="displayLanguage"/>
            <valueCode value="en-US"/>
          </parameter>
          <parameter>
            <name value="count"/>
            <valueInteger value="1000"/>
          </parameter>
          <parameter>
            <name value="offset"/>
            <valueInteger value="0"/>
          </parameter>
          <parameter>
            <name value="excludeNested"/>
            <valueBoolean value="false"/>
          </parameter>
          <parameter>
            <name value="used-valueset"/>
            <valueUri value="null"/>
          </parameter>
          <parameter>
            <name value="used-codesystem"/>
            <valueUri value="http://snomed.info/sct|http://snomed.info/sct/11000181102/version/20250530"/>
          </parameter>
          <parameter>
            <name value="version"/>
            <valueUri value="http://snomed.info/sct|http://snomed.info/sct/11000181102/version/20250530"/>
          </parameter>
          <contains>
            <system value="http://snomed.info/sct"/>
            <code value="33586001"/>
            <display value="Sitting position"/>
          </contains>
          <contains>
            <system value="http://snomed.info/sct"/>
            <code value="10904000"/>
            <display value="Orthostatic body position"/>
          </contains>
          <contains>
            <system value="http://snomed.info/sct"/>
            <code value="110483000"/>
            <display value="Tobacco user"/>
          </contains>
        </expansion>
      </ValueSet>
    </resource>
  </entry>
  <entry>
    <fullUrl value="https://fhir.ee/eec/ValueSet/ee-observation-code-vs"/>
    <resource>
      <ValueSet>
        <text>
          <status value="generated"/>
          <div xmlns="http://www.w3.org/1999/xhtml">
            <p class="res-header-id"/>
            <p style="border: black 1px dotted; background-color: #EEEEEE; padding: 8px; margin-bottom: 8px">Expansion performed internally based on 
              <a href="CodeSystem-ee-observation-code-system.html">codesystem Observation Code System v0.1.0 (CodeSystem)</a>
            </p>
            <p>This value set contains 2 concepts</p>
            <table class="codes">
              <tr>
                <td style="white-space:nowrap">
                  <b>Code</b>
                </td>
                <td>
                  <b>System</b>
                </td>
                <td>
                  <b>Display (en-US)</b>
                </td>
              </tr>
              <tr>
                <td style="white-space:nowrap">
                  <a name="x-https://fhir.ee/eec/CodeSystem/ee-observation-code-system-temperature"> </a>  
                  <a href="CodeSystem-ee-observation-code-system.html#ee-observation-code-system-temperature">temperature</a>
                </td>
                <td>https://fhir.ee/eec/CodeSystem/ee-observation-code-system</td>
                <td>Body Temperature</td>
              </tr>
              <tr>
                <td style="white-space:nowrap">
                  <a name="x-https://fhir.ee/eec/CodeSystem/ee-observation-code-system-blood-pressure"> </a>  
                  <a href="CodeSystem-ee-observation-code-system.html#ee-observation-code-system-blood-pressure">blood-pressure</a>
                </td>
                <td>https://fhir.ee/eec/CodeSystem/ee-observation-code-system</td>
                <td>Blood Pressure</td>
              </tr>
            </table>
          </div>
        </text>
        <url value="https://fhir.ee/eec/ValueSet/ee-observation-code-vs"/>
        <version value="0.1.0"/>
        <name value="EEObservationCodeVS"/>
        <title value="Observation Code ValueSet"/>
        <status value="active"/>
        <experimental value="false"/>
        <date value="2025-07-15T11:16:32+00:00"/>
        <jurisdiction>
          <coding>
            <system value="urn:iso:std:iso:3166"/>
            <code value="EE"/>
            <display value="Estonia"/>
          </coding>
        </jurisdiction>
        <expansion>
          <identifier value="urn:uuid:c51b79aa-c847-40ce-95e7-eb193e5a44ce"/>
          <timestamp value="2025-07-15T11:17:40+00:00"/>
          <total value="2"/>
          <offset value="0"/>
          <parameter>
            <name value="displayLanguage"/>
            <valueCode value="en-US"/>
          </parameter>
          <parameter>
            <name value="count"/>
            <valueInteger value="1000"/>
          </parameter>
          <parameter>
            <name value="offset"/>
            <valueInteger value="0"/>
          </parameter>
          <parameter>
            <name value="excludeNested"/>
            <valueBoolean value="false"/>
          </parameter>
          <parameter>
            <name value="warning-draft"/>
            <valueUri value="https://fhir.ee/eec/CodeSystem/ee-observation-code-system|0.1.0"/>
          </parameter>
          <parameter>
            <name value="used-codesystem"/>
            <valueUri value="https://fhir.ee/eec/CodeSystem/ee-observation-code-system|0.1.0"/>
          </parameter>
          <contains>
            <system value="https://fhir.ee/eec/CodeSystem/ee-observation-code-system"/>
            <code value="temperature"/>
            <display value="Body Temperature"/>
          </contains>
          <contains>
            <system value="https://fhir.ee/eec/CodeSystem/ee-observation-code-system"/>
            <code value="blood-pressure"/>
            <display value="Blood Pressure"/>
          </contains>
        </expansion>
      </ValueSet>
    </resource>
  </entry>
</Bundle>