<?xml version="1.0" encoding="UTF-8"?>

<Patient xmlns="http://hl7.org/fhir">
  <id value="example"/>
  <text>
    <status value="generated"/><div xmlns="http://www.w3.org/1999/xhtml"><p class="res-header-id"><b>Generated Narrative: Patient example</b></p><a name="example"> </a><a name="hcexample"> </a><p style="border: 1px #661aff solid; background-color: #e6e6ff; padding: 10px;">John Doe  Male, DoB: 1980-01-01</p><hr/></div>
  </text>
  <name>
    <family value="Doe"/>
    <given value="John"/>
  </name>
  <gender value="male"/>
  <birthDate value="1980-01-01"/>
</Patient>