{
  "codeSystems" : [
    {
      "url" : "http://hl7.org/fhir/observation-referencerange-normalvalue",
      "version" : "5.0.0",
      "status" : "active",
      "name" : "ObservationReferenceRangeNormalValue",
      "title" : "ObservationreferenceRangeNormalValue",
      "description" : "Codes that describe the normal value in the reference range.",
      "oids" : ["2.16.840.1.113883.4.642.4.2099"],
      "uses" : {
      },
      "http://hl7.org/fhir/R5/valueset-observation-referencerange-normalvalue.html" : "Observation Reference Range Normal Value Codes"
    },
    {
      "url" : "http://hl7.org/fhir/observation-status",
      "version" : "5.0.0",
      "status" : "active",
      "name" : "ObservationStatus",
      "title" : "Observation Status",
      "description" : "Codes providing the status of an observation.",
      "oids" : [
        "2.16.840.1.113883.4.642.4.401",
        "2.16.840.1.113883.4.642.1.388",
        "2.16.840.1.113883.4.642.2.219"
      ],
      "uses" : {
      },
      "http://hl7.org/fhir/R5/valueset-observation-status.html" : "Observation Status"
    },
    {
      "url" : "http://hl7.org/fhir/observation-triggeredbytype",
      "version" : "5.0.0",
      "status" : "active",
      "name" : "TriggeredBytype",
      "title" : "triggered Bytype",
      "description" : "Codes providing the triggeredBy type of observation.",
      "oids" : ["2.16.840.1.113883.4.642.4.2098"],
      "uses" : {
      },
      "http://hl7.org/fhir/R5/valueset-observation-triggeredbytype.html" : "triggered Bytype"
    },
    {
      "url" : "http://loinc.org",
      "version" : "3.1.0",
      "status" : "active",
      "name" : "LOINC",
      "title" : "Logical Observation Identifiers, Names and Codes (LOINC)",
      "description" : "LOINC provides a set of universal names and ID codes for identifying laboratory and clinical test results.1,2 LOINC facilitates the exchange and pooling of results, such as blood hemoglobin, serum potassium, or vital signs, for clinical care, outcomes management, and research. LOINC's universal identifiers (names and codes) can be used in the context of order and observation exchanges between information systems that use syntax standards such as HL73, CEN TC251, ISO TC215, ASTM4, and DICOM. Specifically, the identifier can be used as the coded value for an observation in any other standard that uses the observation/observation value paradigm, whether messages, documents, application programming interface (API), etc. For example, LOINC codes are used widely in the OBX segment Observation Identifier field (OBX-3) of an ORU HL7 (HL7 version 2.x or ASTM 1238-9410) message that may be sent between a Clinical Laboratory Information Management Systems (LIMS) and Electronic Health Record Systems (EHR).5, 6 In this way, LOINC codes provide universal identifiers that allow the exchange of clinical data between heterogeneous computing environments.",
      "oids" : ["2.16.840.1.113883.6.1"],
      "uses" : {
      },
      "http://hl7.org/fhir/R5/valueset-observation-codes.html" : "LOINC Codes"
    },
    {
      "url" : "http://terminology.hl7.org/CodeSystem/data-absent-reason",
      "version" : "1.0.0",
      "status" : "active",
      "name" : "DataAbsentReason",
      "title" : "DataAbsentReason",
      "description" : "Used to specify why the normally expected content of the data element is missing.",
      "oids" : ["2.16.840.1.113883.4.642.4.1048"],
      "uses" : {
      },
      "http://hl7.org/fhir/R5/valueset-data-absent-reason.html" : "Data Absent Reason"
    },
    {
      "url" : "http://terminology.hl7.org/CodeSystem/observation-category",
      "version" : "1.0.1",
      "status" : "active",
      "name" : "ObservationCategoryCodes",
      "title" : "Observation Category Codes",
      "description" : "Observation Category codes.",
      "oids" : ["2.16.840.1.113883.4.642.1.1125"],
      "uses" : {
      },
      "http://hl7.org/fhir/R5/valueset-observation-category.html" : "Observation Category Codes"
    },
    {
      "url" : "http://terminology.hl7.org/CodeSystem/referencerange-meaning",
      "version" : "1.0.1",
      "status" : "active",
      "name" : "ObservationReferenceRangeMeaningCodes",
      "title" : "Observation Reference Range Meaning Codes",
      "description" : "This value set defines a set of codes that can be used to indicate the meaning/use of a reference range for a particular target population.",
      "oids" : ["2.16.840.1.113883.4.642.1.1124"],
      "uses" : {
      },
      "http://hl7.org/fhir/R5/valueset-referencerange-meaning.html" : "Observation Reference Range Meaning Codes"
    },
    {
      "url" : "http://terminology.hl7.org/CodeSystem/v3-ObservationInterpretation",
      "version" : "3.0.0",
      "status" : "active",
      "name" : "ObservationInterpretation",
      "title" : "ObservationInterpretation",
      "description" : "One or more codes providing a rough qualitative interpretation of the observation, such as \"normal\" / \"abnormal\", \"low\" / \"high\", \"better\" / \"worse\", \"resistant\" / \"susceptible\", \"expected\" / \"not expected\". The value set is intended to be for ANY use where coded representation of an interpretation is needed.",
      "oids" : ["2.16.840.1.113883.5.83"],
      "uses" : {
      },
      "http://hl7.org/fhir/R5/valueset-observation-interpretation.html" : "Observation Interpretation Codes"
    },
    {
      "url" : "https://fhir.ee/eec/CodeSystem/ee-observation-code-system",
      "version" : "0.1.0",
      "status" : "draft",
      "name" : "EEObservationCodeSystem",
      "title" : "Observation Code System",
      "description" : "Locally defined code system for observation codes in the project.",
      "uses" : {
      },
      "ValueSet-ee-observation-code-vs.html" : "Observation Code ValueSet"
    },
    {
      "url" : "urn:ietf:bcp:47",
      "version" : "2.0.1",
      "status" : "active",
      "name" : "Ietf3066",
      "title" : "Tags for the Identification of Languages",
      "description" : "Older value from OID registry.  Superceded; see recommendations in BCP-47.",
      "oids" : ["2.16.840.1.113883.6.121"],
      "uses" : {
      },
      "http://hl7.org/fhir/R5/valueset-languages.html" : "Common Languages",
      "http://hl7.org/fhir/R5/valueset-all-languages.html" : "All Languages"
    }
  ]
}
