{
  "resourceType" : "CodeSystem",
  "id" : "ee-observation-code-system",
  "text" : {
    "status" : "generated",
    "div" : "<div xmlns=\"http://www.w3.org/1999/xhtml\"><p class=\"res-header-id\"><b>Generated Narrative: CodeSystem ee-observation-code-system</b></p><a name=\"ee-observation-code-system\"> </a><a name=\"hcee-observation-code-system\"> </a><p>This  code system <code>https://fhir.ee/eec/CodeSystem/ee-observation-code-system</code> defines the following codes:</p><table class=\"codes\"><tr><td style=\"white-space:nowrap\"><b>Code</b></td><td><b>Display</b></td></tr><tr><td style=\"white-space:nowrap\">temperature<a name=\"ee-observation-code-system-temperature\"> </a></td><td>Body Temperature</td></tr><tr><td style=\"white-space:nowrap\">blood-pressure<a name=\"ee-observation-code-system-blood-pressure\"> </a></td><td>Blood Pressure</td></tr></table></div>"
  },
  "url" : "https://fhir.ee/eec/CodeSystem/ee-observation-code-system",
  "version" : "0.1.0",
  "name" : "EEObservationCodeSystem",
  "title" : "Observation Code System",
  "status" : "draft",
  "date" : "2025-07-15T11:16:32+00:00",
  "publisher" : "TEHIK",
  "contact" : [{
    "name" : "TEHIK",
    "telecom" : [{
      "system" : "url",
      "value" : "https://www.tehik.ee"
    },
    {
      "system" : "email",
      "value" : "fhir@tehik.ee"
    }]
  },
  {
    "name" : "TEHIK Andmekorraldus",
    "telecom" : [{
      "system" : "email",
      "value" : "andmekorraldus@tehik.ee",
      "use" : "work"
    }]
  }],
  "description" : "Locally defined code system for observation codes in the project.",
  "jurisdiction" : [{
    "coding" : [{
      "system" : "urn:iso:std:iso:3166",
      "code" : "EE",
      "display" : "Estonia"
    }]
  }],
  "content" : "complete",
  "count" : 2,
  "concept" : [{
    "code" : "temperature",
    "display" : "Body Temperature"
  },
  {
    "code" : "blood-pressure",
    "display" : "Blood Pressure"
  }]
}