{
  "codeSystems" : [
    {
      "url" : "https://fhir.ee/eec/ValueSet/ee-body-position-vs",
      "version" : "0.1.0",
      "status" : "active",
      "name" : "EEBodyPositionVS",
      "title" : "Body Position ValueSet",
      "description" : "ValueSet for body positions during clinical measurements.",
      "systems" : ["http://snomed.info/sct"]
    },
    {
      "url" : "https://fhir.ee/eec/ValueSet/ee-observation-code-vs",
      "version" : "0.1.0",
      "status" : "active",
      "name" : "EEObservationCodeVS",
      "title" : "Observation Code ValueSet",
      "description" : "Locally defined codes used for clinical observation types in the project.",
      "systems" : ["https://fhir.ee/eec/CodeSystem/ee-observation-code-system"]
    }
  ]
}
