{"resourceType":"ImplementationGuide","id":"ig-encounter-episode-condition","text":{"status":"generated","div":"<div xmlns=\"http://www.w3.org/1999/xhtml\"><p class=\"res-header-id\"><b>Generated Narrative: ImplementationGuide ig-encounter-episode-condition</b></p><a name=\"ig-encounter-episode-condition\"> </a><a name=\"hcig-encounter-episode-condition\"> </a><h2>TEHIKIGEncounterEpisodeofCareandCondition</h2><p>The official URL for this implementation guide is: </p><pre>https://fhir.ee/eec/ImplementationGuide/ig-encounter-episode-condition</pre><div><p>TEHIK IG project to Encounter, Episode of Care and Condition</p>\n</div></div>"},"url":"https://fhir.ee/eec/ImplementationGuide/ig-encounter-episode-condition","version":"0.1.0","name":"TEHIKIGEncounterEpisodeofCareandCondition","title":"TEHIK FHIR IG Encounter, Episode of Care and Condition","status":"draft","date":"2025-07-15T11:16:32+00:00","publisher":"TEHIK","contact":[{"name":"TEHIK","telecom":[{"system":"url","value":"https://www.tehik.ee"},{"system":"email","value":"fhir@tehik.ee"}]},{"name":"TEHIK Andmekorraldus","telecom":[{"system":"email","value":"andmekorraldus@tehik.ee","use":"work"}]}],"description":"TEHIK IG project to Encounter, Episode of Care and Condition","jurisdiction":[{"coding":[{"system":"urn:iso:std:iso:3166","code":"EE","display":"Estonia"}]}],"packageId":"ig-encounter-episode-condition","license":"MIT","fhirVersion":["5.0.0"],"dependsOn":[{"id":"hl7tx","extension":[{"url":"http://hl7.org/fhir/tools/StructureDefinition/implementationguide-dependency-comment","valueMarkdown":"Automatically added as a dependency - all IGs depend on HL7 Terminology"}],"uri":"http://terminology.hl7.org/ImplementationGuide/hl7.terminology","packageId":"hl7.terminology.r5","version":"6.5.0"},{"id":"hl7_fhir_uv_extensions","uri":"http://hl7.org/fhir/extensions/ImplementationGuide/hl7.fhir.uv.extensions","packageId":"hl7.fhir.uv.extensions","version":"current"},{"id":"ee_fhir_base","uri":"https://fhir.ee/base/ImplementationGuide/ee.fhir.base","packageId":"ee.fhir.base","version":"1.1.1"}],"definition":{"extension":[{"url":"http://hl7.org/fhir/tools/StructureDefinition/ig-internal-dependency","valueCode":"hl7.fhir.uv.tools.r5#0.5.0"}],"grouping":[{"id":"-str-profile","name":"Structures: Resource Profiles","description":"These define constraints on FHIR resources for systems conforming to this implementation guide."},{"id":"-str-extension","name":"Structures: Extension Definitions","description":"These define constraints on FHIR data types for systems conforming to this implementation guide."},{"id":"-term-valueset","name":"Terminology: Value Sets","description":"These define sets of codes used by systems conforming to this implementation guide."},{"id":"-term-codesystem","name":"Terminology: Code Systems","description":"These define new code systems used by systems conforming to this implementation guide."},{"id":"-ex-example","name":"Example: Example Instances","description":"These are example instances that show what data produced and consumed by systems conforming with this implementation guide might look like."}],"resource":[{"extension":[{"url":"http://hl7.org/fhir/tools/StructureDefinition/resource-sort","valueInteger":999999999},{"url":"http://hl7.org/fhir/StructureDefinition/implementationguide-page","valueUri":"StructureDefinition-ee-clinical-observation.html"}],"reference":{"reference":"StructureDefinition/ee-clinical-observation"},"name":"Clinical Observation","description":"An example profile for clinical observations.","isExample":false,"groupingId":"-str-profile"},{"extension":[{"url":"http://hl7.org/fhir/tools/StructureDefinition/resource-sort","valueInteger":999999999},{"url":"http://hl7.org/fhir/StructureDefinition/implementationguide-page","valueUri":"StructureDefinition-ee-body-position-extension.html"}],"reference":{"reference":"StructureDefinition/ee-body-position-extension"},"name":"Body Position During Measurement","description":"Records the body position (e.g., sitting, standing) at the time of measurement.","isExample":false,"groupingId":"-str-extension"},{"extension":[{"url":"http://hl7.org/fhir/tools/StructureDefinition/resource-sort","valueInteger":999999999},{"url":"http://hl7.org/fhir/StructureDefinition/implementationguide-page","valueUri":"ValueSet-ee-body-position-vs.html"}],"reference":{"reference":"ValueSet/ee-body-position-vs"},"name":"Body Position ValueSet","description":"ValueSet for body positions during clinical measurements.","isExample":false,"groupingId":"-term-valueset"},{"extension":[{"url":"http://hl7.org/fhir/tools/StructureDefinition/resource-sort","valueInteger":999999999},{"url":"http://hl7.org/fhir/StructureDefinition/implementationguide-page","valueUri":"ValueSet-ee-observation-code-vs.html"}],"reference":{"reference":"ValueSet/ee-observation-code-vs"},"name":"Observation Code ValueSet","description":"Locally defined codes used for clinical observation types in the project.","isExample":false,"groupingId":"-term-valueset"},{"extension":[{"url":"http://hl7.org/fhir/tools/StructureDefinition/resource-sort","valueInteger":999999999},{"url":"http://hl7.org/fhir/StructureDefinition/implementationguide-page","valueUri":"CodeSystem-ee-observation-code-system.html"}],"reference":{"reference":"CodeSystem/ee-observation-code-system"},"name":"Observation Code System","description":"Locally defined code system for observation codes in the project.","isExample":false,"groupingId":"-term-codesystem"},{"extension":[{"url":"http://hl7.org/fhir/tools/StructureDefinition/resource-sort","valueInteger":999999999},{"url":"http://hl7.org/fhir/StructureDefinition/implementationguide-page","valueUri":"Observation-EEClinicalObservationExample.html"}],"reference":{"reference":"Observation/EEClinicalObservationExample"},"name":"Clinical Observation Example","description":"Example of a clinical observation.","isExample":true,"profile":["https://fhir.ee/eec/StructureDefinition/ee-clinical-observation"],"groupingId":"-ex-example"},{"extension":[{"url":"http://hl7.org/fhir/tools/StructureDefinition/resource-sort","valueInteger":999999999},{"url":"http://hl7.org/fhir/StructureDefinition/implementationguide-page","valueUri":"Patient-example.html"}],"reference":{"reference":"Patient/example"},"name":"Example Patient","description":"A simple example of a FHIR Patient resource.","isExample":true,"groupingId":"-ex-example"}],"page":{"sourceUrl":"toc.html","name":"toc.html","title":"Table of Contents","generation":"html","page":[{"sourceUrl":"index.html","name":"index.html","title":"Home","generation":"markdown"},{"sourceUrl":"page1.html","name":"page1.html","title":"Diagram examples","generation":"markdown"},{"sourceUrl":"page2.html","name":"page2.html","title":"Sample page 2","generation":"markdown"},{"sourceUrl":"downloads.html","name":"downloads.html","title":"Downloads","generation":"html"},{"sourceUrl":"contacts.html","name":"contacts.html","title":"Contacts","generation":"markdown"},{"sourceUrl":"search.html","name":"search.html","title":"Search","generation":"html"},{"sourceUrl":"artifacts.html","name":"artifacts.html","title":"Artifacts Summary","generation":"html","page":[{"sourceUrl":"StructureDefinition-ee-clinical-observation.html","name":"StructureDefinition-ee-clinical-observation.html","title":"Clinical Observation","generation":"generated"},{"sourceUrl":"StructureDefinition-ee-body-position-extension.html","name":"StructureDefinition-ee-body-position-extension.html","title":"Body Position During Measurement","generation":"generated"},{"sourceUrl":"ValueSet-ee-body-position-vs.html","name":"ValueSet-ee-body-position-vs.html","title":"Body Position ValueSet","generation":"generated"},{"sourceUrl":"ValueSet-ee-observation-code-vs.html","name":"ValueSet-ee-observation-code-vs.html","title":"Observation Code ValueSet","generation":"generated"},{"sourceUrl":"CodeSystem-ee-observation-code-system.html","name":"CodeSystem-ee-observation-code-system.html","title":"Observation Code System","generation":"generated"},{"sourceUrl":"Observation-EEClinicalObservationExample.html","name":"Observation-EEClinicalObservationExample.html","title":"Clinical Observation Example","generation":"generated"},{"sourceUrl":"Patient-example.html","name":"Patient-example.html","title":"Example Patient","generation":"generated"}]}]},"parameter":[{"code":{"system":"http://hl7.org/fhir/tools/CodeSystem/ig-parameters","code":"copyrightyear"},"value":"2025+"},{"code":{"system":"http://hl7.org/fhir/tools/CodeSystem/ig-parameters","code":"releaselabel"},"value":"draft"},{"code":{"system":"http://hl7.org/fhir/tools/CodeSystem/ig-parameters","code":"excludettl"},"value":"true"},{"code":{"system":"http://hl7.org/fhir/tools/CodeSystem/ig-parameters","code":"validation"},"value":"allow-any-extensions"},{"code":{"system":"http://hl7.org/fhir/tools/CodeSystem/ig-parameters","code":"show-inherited-invariants"},"value":"false"},{"code":{"system":"http://hl7.org/fhir/tools/CodeSystem/ig-parameters","code":"autoload-resources"},"value":"true"},{"code":{"system":"http://hl7.org/fhir/guide-parameter-code","code":"path-resource"},"value":"input/capabilities"},{"code":{"system":"http://hl7.org/fhir/guide-parameter-code","code":"path-resource"},"value":"input/examples"},{"code":{"system":"http://hl7.org/fhir/guide-parameter-code","code":"path-resource"},"value":"input/extensions"},{"code":{"system":"http://hl7.org/fhir/guide-parameter-code","code":"path-resource"},"value":"input/models"},{"code":{"system":"http://hl7.org/fhir/guide-parameter-code","code":"path-resource"},"value":"input/operations"},{"code":{"system":"http://hl7.org/fhir/guide-parameter-code","code":"path-resource"},"value":"input/profiles"},{"code":{"system":"http://hl7.org/fhir/guide-parameter-code","code":"path-resource"},"value":"input/resources"},{"code":{"system":"http://hl7.org/fhir/guide-parameter-code","code":"path-resource"},"value":"input/vocabulary"},{"code":{"system":"http://hl7.org/fhir/guide-parameter-code","code":"path-resource"},"value":"input/maps"},{"code":{"system":"http://hl7.org/fhir/guide-parameter-code","code":"path-resource"},"value":"input/testing"},{"code":{"system":"http://hl7.org/fhir/guide-parameter-code","code":"path-resource"},"value":"input/history"},{"code":{"system":"http://hl7.org/fhir/guide-parameter-code","code":"path-resource"},"value":"fsh-generated/resources"},{"code":{"system":"http://hl7.org/fhir/guide-parameter-code","code":"path-pages"},"value":"template/config"},{"code":{"system":"http://hl7.org/fhir/guide-parameter-code","code":"path-pages"},"value":"input/images"},{"code":{"system":"http://hl7.org/fhir/tools/CodeSystem/ig-parameters","code":"path-liquid"},"value":"template/liquid"},{"code":{"system":"http://hl7.org/fhir/tools/CodeSystem/ig-parameters","code":"path-liquid"},"value":"input/liquid"},{"code":{"system":"http://hl7.org/fhir/tools/CodeSystem/ig-parameters","code":"path-qa"},"value":"temp/qa"},{"code":{"system":"http://hl7.org/fhir/tools/CodeSystem/ig-parameters","code":"path-temp"},"value":"temp/pages"},{"code":{"system":"http://hl7.org/fhir/tools/CodeSystem/ig-parameters","code":"path-output"},"value":"output"},{"code":{"system":"http://hl7.org/fhir/guide-parameter-code","code":"path-tx-cache"},"value":"input-cache/txcache"},{"code":{"system":"http://hl7.org/fhir/tools/CodeSystem/ig-parameters","code":"path-suppressed-warnings"},"value":"input/ignoreWarnings.txt"},{"code":{"system":"http://hl7.org/fhir/tools/CodeSystem/ig-parameters","code":"path-history"},"value":"https://fhir.ee/eec/history.html"},{"code":{"system":"http://hl7.org/fhir/tools/CodeSystem/ig-parameters","code":"template-html"},"value":"template-page.html"},{"code":{"system":"http://hl7.org/fhir/tools/CodeSystem/ig-parameters","code":"template-md"},"value":"template-page-md.html"},{"code":{"system":"http://hl7.org/fhir/tools/CodeSystem/ig-parameters","code":"apply-contact"},"value":"true"},{"code":{"system":"http://hl7.org/fhir/tools/CodeSystem/ig-parameters","code":"apply-context"},"value":"true"},{"code":{"system":"http://hl7.org/fhir/tools/CodeSystem/ig-parameters","code":"apply-copyright"},"value":"true"},{"code":{"system":"http://hl7.org/fhir/tools/CodeSystem/ig-parameters","code":"apply-jurisdiction"},"value":"true"},{"code":{"system":"http://hl7.org/fhir/tools/CodeSystem/ig-parameters","code":"apply-license"},"value":"true"},{"code":{"system":"http://hl7.org/fhir/tools/CodeSystem/ig-parameters","code":"apply-publisher"},"value":"true"},{"code":{"system":"http://hl7.org/fhir/tools/CodeSystem/ig-parameters","code":"apply-version"},"value":"true"},{"code":{"system":"http://hl7.org/fhir/tools/CodeSystem/ig-parameters","code":"apply-wg"},"value":"true"},{"code":{"system":"http://hl7.org/fhir/tools/CodeSystem/ig-parameters","code":"active-tables"},"value":"true"},{"code":{"system":"http://hl7.org/fhir/tools/CodeSystem/ig-parameters","code":"fmm-definition"},"value":"http://hl7.org/fhir/versions.html#maturity"},{"code":{"system":"http://hl7.org/fhir/tools/CodeSystem/ig-parameters","code":"propagate-status"},"value":"true"},{"code":{"system":"http://hl7.org/fhir/tools/CodeSystem/ig-parameters","code":"excludelogbinaryformat"},"value":"true"},{"code":{"system":"http://hl7.org/fhir/tools/CodeSystem/ig-parameters","code":"tabbed-snapshots"},"value":"true"}]}}